"0","library(tidyverse)
"
"2","Registered S3 methods overwritten by 'dbplyr':
  method         from
  print.tbl_lazy     
  print.tbl_sql      
"
"2","[37m-- [1mAttaching packages[22m ------------------------------- tidyverse 1.3.0 --[39m
"
"2","[37m[32mv[37m [34mggplot2[37m 3.3.2     [32mv[37m [34mpurrr  [37m 0.3.4
[32mv[37m [34mtibble [37m 3.1.0     [32mv[37m [34mdplyr  [37m 1.0.4
[32mv[37m [34mtidyr  [37m 1.1.2     [32mv[37m [34mstringr[37m 1.4.0
[32mv[37m [34mreadr  [37m 1.4.0     [32mv[37m [34mforcats[37m 0.5.0[39m
"
"2","[37m-- [1mConflicts[22m ---------------------------------- tidyverse_conflicts() --
[31mx[37m [34mtestthat[37m::[32mequals()[37m       masks [34mmagrittr[37m::equals()
[31mx[37m [34mtidyr[37m::[32mextract()[37m         masks [34mmagrittr[37m::extract()
[31mx[37m [34mdplyr[37m::[32mfilter()[37m          masks [34mstats[37m::filter()
[31mx[37m [34mtestthat[37m::[32mis_less_than()[37m masks [34mmagrittr[37m::is_less_than()
[31mx[37m [34mpurrr[37m::[32mis_null()[37m         masks [34mtestthat[37m::is_null()
[31mx[37m [34mdplyr[37m::[32mlag()[37m             masks [34mstats[37m::lag()
[31mx[37m [34mdplyr[37m::[32mmatches()[37m         masks [34mtidyr[37m::matches(), [34mtestthat[37m::matches()
[31mx[37m [34mtestthat[37m::[32mnot()[37m          masks [34mmagrittr[37m::not()
[31mx[37m [34mpurrr[37m::[32mset_names()[37m       masks [34mmagrittr[37m::set_names()[39m
"
"0","library(tidyverse)"
"0","ess <- read_rds(url(""http://empower-training.de/Gold/round7.RDS""))"
